PC Name,No,CATEGORY,State,WINNER,PARTY,Electors,Votes,Turnout,Margin,Margin %
Adilabad,1,ST,Andhra Pradesh,Rathod Ramesh,Telugu Desam,1131211,863248,76.30%,115087,13.30%
Agra,18,SC,Uttar Pradesh [2000 Onwards],Dr. Ramshankar,Bharatiya Janta Party,1539683,648793,42.10%,9715,1.50%
Ahmadnagar,37,GEN,Maharashtra,Gandhi Dilipkumar Mansukhlal,Bharatiya Janta Party,1517951,787153,51.90%,46731,5.90%
Ahmedabad East,7,GEN,Gujarat,Harin Pathak,Bharatiya Janta Party,1411761,597395,42.30%,86056,14.40%
Ahmedabad West,8,SC,Gujarat,Dr. Solanki Kiritbhai Premajibhai,Bharatiya Janta Party,1431080,690071,48.20%,91127,13.20%
Ajmer,13,GEN,Rajasthan,Sachin Pilot,Indian National Congress,1455339,771272,53.00%,76135,9.90%
Akbarpur,44,GEN,Uttar Pradesh [2000 Onwards],Rajaram Pal,Indian National Congress,1461050,637264,43.60%,32043,5.00%
Akola,6,GEN,Maharashtra,Dhotre Sanjay Shamrao,Bharatiya Janta Party,1480606,740014,50.00%,64848,8.80%
Alappuzha,15,GEN,Kerala,K.C Venugopal,Indian National Congress,1147162,911120,79.40%,57635,6.30%
Alathur,9,SC,Kerala,P.K Biju,Communist Party Of India (MARXIST),1100843,830044,75.40%,20960,2.50%
Aligarh,15,GEN,Uttar Pradesh [2000 Onwards],Raj Kumari Chauhan,Bahujan Samaj Party,1345351,694110,51.60%,16557,2.40%
Alipurduars,2,ST,West Bengal,Manohar Tirkey,Revolutionary Socialist Party,1229301,934622,76.00%,112822,12.10%
Allahabad,52,GEN,Uttar Pradesh [2000 Onwards],Raman Singh,Samajwadi Party,1267492,550220,43.40%,34920,6.30%
Almora,3,SC,Uttarakhand,Pradeep Tamta,Indian National Congress,1057379,481891,45.60%,6950,1.40%
Alwar,8,GEN,Rajasthan,Jitendra Singh,Indian National Congress,1373384,762306,55.50%,156619,20.50%
Amalapuram,24,SC,Andhra Pradesh,G.V.Harsha Kumar,Indian National Congress,1275287,1027127,80.50%,40005,3.90%
Ambala,1,SC,Haryana,Selja,Indian National Congress,1264907,866507,68.50%,14570,1.70%
Ambedkar Nagar,55,GEN,Uttar Pradesh [2000 Onwards],Rakesh Pandey,Bahujan Samaj Party,1494838,810886,54.30%,22736,2.80%
Amethi,37,GEN,Uttar Pradesh [2000 Onwards],Rahul Gandhi,Indian National Congress,1431787,646653,45.20%,370198,57.20%
Amravati,7,SC,Maharashtra,Adsul Anandrao Vithoba,Shiv Sena,1423855,732573,51.50%,61716,8.40%
Amreli,14,GEN,Gujarat,Kachhadia Naranbhai,Bharatiya Janta Party,1312733,524642,40.00%,37317,7.10%
Amritsar,2,GEN,Punjab,Navjot Singh Sidhu,Bharatiya Janta Party,1241099,814503,65.60%,6858,0.80%
Amroha,9,GEN,Uttar Pradesh [2000 Onwards],Devendra Nagpal,Rashtriya Lok Dal,1173915,706599,60.20%,92083,13.00%
Anakapalli,22,GEN,Andhra Pradesh,Sabbam Hari,Indian National Congress,1331695,1051708,79.00%,52912,5.00%
Anand,16,GEN,Gujarat,Solanki Bharatbhai Madhavsinh,Indian National Congress,1397162,676072,48.40%,67318,10.00%
Anandpur Sahib,6,GEN,Punjab,Ravneet Singh,Indian National Congress,1338596,904606,67.60%,67204,7.40%
Anantapur,36,GEN,Andhra Pradesh,Anantha Venkata Rami Reddy,Indian National Congress,1411460,1002775,71.10%,77921,7.80%
Anantnag,3,GEN,Jammu & Kashmir,Mirza Mehboob Beg,Jammu & Kashmir National Conference,1176223,318726,27.10%,5224,1.60%
Andaman & Nicobar Islands,1,GEN,Andaman & Nicobar Islands,Shri. Bishnu Pada Ray,Bharatiya Janta Party,265108,170107,64.20%,2990,1.80%
Aonla,24,GEN,Uttar Pradesh [2000 Onwards],Menka Gandhi,Bharatiya Janta Party,1310878,704611,53.80%,7681,1.10%
Arakkonam,7,GEN,Tamil Nadu,Jagathrakshakan,Dravida Munetra Kazhagam,1098607,854683,77.80%,109796,12.80%
Arambagh,29,SC,West Bengal,Malik Sakti Mohan,Communist Party Of India (MARXIST),1375377,1163581,84.60%,201558,17.30%
Arani,12,GEN,Tamil Nadu,Krishnasswamy M,Indian National Congress,1097865,843076,76.80%,106830,12.70%
Araria,9,GEN,Bihar [2000 Onwards],Pradeep Kumar Singh,Bharatiya Janta Party,1311225,730459,55.70%,22502,3.10%
Arrah,32,GEN,Bihar [2000 Onwards],Meena Singh,Janata Dal (United),1555122,556364,35.80%,74720,13.40%
Aruku,18,ST,Andhra Pradesh,Kishore Chandra Suryanarayana Deo Vyricherla,Indian National Congress,1182514,796043,67.30%,192444,24.20%
Arunachal East,2,GEN,Arunachal Pradesh,Ninong Ering,Indian National Congress,301173,214930,71.40%,68449,31.80%
Arunachal West,1,GEN,Arunachal Pradesh,Takam Sanjoy,Indian National Congress,433368,285666,65.90%,1314,0.50%
Asansol,40,GEN,West Bengal,Bansa Gopal Chowdhury,Communist Party Of India (MARXIST),1250052,893860,71.50%,72956,8.20%
Aska,19,GEN,Orissa,Nityananda Pradhan,Biju Janata Dal,1286194,701795,54.60%,232834,33.20%
Attingal,19,GEN,Kerala,Adv. A Sampath,Communist Party Of India (MARXIST),1091432,725168,66.40%,18341,2.50%
Aurangabad,19,GEN,Maharashtra,Chandrakant Khaire,Shiv Sena,1417964,598332,42.20%,33014,5.50%
Aurangabad,37,GEN,Bihar [2000 Onwards],Sushil Kumar Singh,Janata Dal (United),1376323,598332,43.50%,72058,12.00%
Autonomous District,3,ST,Assam,Biren Singh Engti,Indian National Congress,693407,480748,69.30%,74548,15.50%
Azamgarh,69,GEN,Uttar Pradesh [2000 Onwards],Ramakant Yadav,Bharatiya Janta Party,1578854,705508,44.70%,49039,7.00%
Badaun,23,GEN,Uttar Pradesh [2000 Onwards],Dharmendra Yadav,Samajwadi Party,1405695,737438,52.50%,32542,4.40%
Bagalkot,3,GEN,Karnataka,Gaddigoudar Parvatagouda Chandanagouda,Bharatiya Janta Party,1363359,859976,63.10%,35446,4.10%
Baghpat,11,GEN,Uttar Pradesh [2000 Onwards],Ajit Singh,Rashtriya Lok Dal,1280602,613758,47.90%,63027,10.30%
Baharampur,10,GEN,West Bengal,Adhir Ranjan Chowdhury,Indian National Congress,1179938,953789,80.80%,186977,19.60%
Bahraich,56,SC,Uttar Pradesh [2000 Onwards],Kamal Kishor,Indian National Congress,1246823,512702,41.10%,38953,7.60%
Balaghat,15,GEN,Madhya Pradesh [2000 Onwards],K. D. Deshmukh,Bharatiya Janta Party,1339239,756832,56.50%,40819,5.40%
Balasore,6,GEN,Orissa,Srikant Kumar Jena,Indian National Congress,1269342,892345,70.30%,38900,4.40%
Ballia,72,GEN,Uttar Pradesh [2000 Onwards],Neeraj Shekhar,Samajwadi Party,1679029,677426,40.40%,72555,10.70%
Balurghat,6,GEN,West Bengal,Prasanta Kumar Majumdar,Revolutionary Socialist Party,1010224,876355,86.80%,5105,0.60%
Banaskantha,2,GEN,Gujarat,Gadhvi Mukeshkumar Bheiravdanji,Indian National Congress,1296871,646305,49.80%,10301,1.60%
Banda,48,GEN,Uttar Pradesh [2000 Onwards],R. K. Singh Patel,Samajwadi Party,1386265,619203,44.70%,34593,5.60%
Bangalore Central,25,GEN,Karnataka,P. C. Mohan,Bharatiya Janta Party,1901346,847135,44.60%,35218,4.20%
Bangalore North,24,GEN,Karnataka,D. B. Chandre Gowda,Bharatiya Janta Party,2144091,1001678,46.70%,59665,6.00%
Bangalore Rural,23,GEN,Karnataka,H D Kumaraswamy,Janata Dal (Secular),1904135,1103049,57.90%,130275,11.80%
Bangalore South,26,GEN,Karnataka,Ananth Kumar,Bharatiya Janta Party,2031030,908751,44.70%,37612,4.10%
Bangaon,14,SC,West Bengal,Gobinda Chandra Naskar,All India Trinamool Congress,1246979,1078719,86.50%,92826,8.60%
Banka,27,GEN,Bihar [2000 Onwards],Digvijay Singh,Independent,1338025,652097,48.70%,28716,4.40%
Bankura,36,GEN,West Bengal,Acharia Basudeb,Communist Party Of India (MARXIST),1268563,985847,77.70%,107802,10.90%
Bansgaon,67,SC,Uttar Pradesh [2000 Onwards],Kamlesh Paswan,Bharatiya Janta Party,1663648,649218,39.00%,52787,8.10%
Banswara,20,ST,Rajasthan,Tarachand Bhagora,Indian National Congress,1457980,769532,52.80%,199418,25.90%
Bapatla,32,SC,Andhra Pradesh,Panabaka Lakshmi,Indian National Congress,1321607,1046640,79.20%,69338,6.60%
Barabanki,53,SC,Uttar Pradesh [2000 Onwards],P.L.Punia,Indian National Congress,1422218,743415,52.30%,167913,22.60%
Baramati,35,GEN,Maharashtra,Supriya Sule,Nationalist Congress Party,1593460,734048,46.10%,336831,45.90%
Baramulla,1,GEN,Jammu & Kashmir,Sharief Ud Din Shariq,Jammu & Kashmir National Conference,1054496,441234,41.80%,64814,14.70%
Barasat,17,GEN,West Bengal,Kakali Ghosh Dastidar,All India Trinamool Congress,1226654,1026860,83.70%,122901,12.00%
Bardhaman Purba,38,SC,West Bengal,Anup Kumar Saha,Communist Party Of India (MARXIST),1289311,1124896,87.30%,59419,5.30%
Bardoli,23,ST,Gujarat,Chaudhari Tusharbhai Amrasinhbhai,Indian National Congress,1440215,832705,57.80%,58985,7.10%
Bareilly,25,GEN,Uttar Pradesh [2000 Onwards],Praveen Singh Aron,Indian National Congress,1401423,705939,50.40%,9338,1.30%
Bargarh,1,GEN,Orissa,Sanjay Bhoi,Indian National Congress,1320274,919459,69.60%,98444,10.70%
Barmer,17,GEN,Rajasthan,Harish Choudhary,Indian National Congress,1441456,786516,54.60%,119106,15.10%
Barpeta,6,GEN,Assam,Ismail Hussain,Indian National Congress,1239607,902287,72.80%,30429,3.40%
Barrackpore,15,GEN,West Bengal,Dinesh Trivedi,All India Trinamool Congress,1081237,870792,80.50%,56024,6.40%
Basirhat,18,GEN,West Bengal,Sk. Nurul Islam,All India Trinamool Congress,1198579,1038520,86.70%,60383,5.80%
Bastar,10,ST,Chhattisgarh,Baliram Kashyap,Bharatiya Janta Party,1193116,564742,47.30%,100262,17.80%
Basti,61,GEN,Uttar Pradesh [2000 Onwards],Arvind Kumar Chaudhary,Bahujan Samaj Party,1570657,773985,49.30%,105210,13.60%
Bathinda,11,GEN,Punjab,Harsimrat Kaur Badal,Shiromani Akali Dal,1336790,1048144,78.40%,120948,11.50%
Beed,39,GEN,Maharashtra,Munde Gopinathrao Pandurang,Bharatiya Janta Party,1637239,1074052,65.60%,140952,13.10%
Begusarai,24,GEN,Bihar [2000 Onwards],Dr. Monazir Hassan,Janata Dal (United),1473263,718408,48.80%,40837,5.70%
Belgaum,2,GEN,Karnataka,Angadi Suresh Channabasappa,Bharatiya Janta Party,1378238,754295,54.70%,118687,15.70%
Bellary,9,ST,Karnataka,J. Shantha,Bharatiya Janta Party,1401258,860948,61.40%,2243,0.30%
Berhampur,20,GEN,Orissa,Sidhant Mohapatra,Biju Janata Dal,1207552,711181,58.90%,57287,8.10%
Betul,29,ST,Madhya Pradesh [2000 Onwards],Jyoti Dhurve,Bharatiya Janta Party,1286761,636564,49.50%,97317,15.30%
Bhadohi,78,GEN,Uttar Pradesh [2000 Onwards],Gorakhnath,Bahujan Samaj Party,1519449,658731,43.40%,12963,2.00%
Bhadrak,7,SC,Orissa,Arjun Charan Sethi,Biju Janata Dal,1372356,929526,67.70%,54938,5.90%
Bhagalpur,26,GEN,Bihar [2000 Onwards],Syed Shahnawaz Hussain,Bharatiya Janta Party,1433346,629032,43.90%,55811,8.90%
Bhandara - Gondiya,11,GEN,Maharashtra,Patel Praful Manoharbhai,Nationalist Congress Party,1450477,1030995,71.10%,251915,24.40%
Bharatpur,9,SC,Rajasthan,Ratan Singh,Indian National Congress,1437111,560919,39.00%,81454,14.50%
Bharuch,22,GEN,Gujarat,Mansukhbhai Dhanjibhai Vasava,Bharatiya Janta Party,1311539,749381,57.10%,27232,3.60%
Bhavnagar,15,GEN,Gujarat,Rajendrasinh Ghanshyamsinh Rana (Rajubhai Rana),Bharatiya Janta Party,1381619,623341,45.10%,5893,0.90%
Bhilwara,23,GEN,Rajasthan,C P Joshi,Indian National Congress,1492687,754956,50.60%,135368,17.90%
Bhind,2,SC,Madhya Pradesh [2000 Onwards],Ashok Argal Chhaviram,Bharatiya Janta Party,1364411,523783,38.40%,18886,3.60%
Bhiwandi,23,GEN,Maharashtra,Taware Suresh Kashinath,Indian National Congress,1483176,584180,39.40%,41364,7.10%
Bhiwani-Mahendragarh,8,GEN,Haryana,Shruti Choudhry,Indian National Congress,1212513,864504,71.30%,55577,6.40%
Bhongir,14,GEN,Andhra Pradesh,Komatireddy Raj Gopal Reddy,Indian National Congress,1478391,1129371,76.40%,139888,12.40%
Bhopal,19,GEN,Madhya Pradesh [2000 Onwards],Kailash Joshi,Bharatiya Janta Party,1461714,659263,45.10%,65157,9.90%
Bhubaneswar,18,GEN,Orissa,Prasanna Kumar Patasani,Biju Janata Dal,1447002,710998,49.10%,252760,35.60%
Bidar,7,GEN,Karnataka,N.Dharam Singh,Indian National Congress,1470507,779256,53.00%,39619,5.10%
Bijapur,4,SC,Karnataka,Jigajinagi Ramesh Chandappa,Bharatiya Janta Party,1373604,649623,47.30%,42404,6.50%
Bijnor,4,GEN,Uttar Pradesh [2000 Onwards],Sanjay Singh Chauhan,Rashtriya Lok Dal,1287070,707792,55.00%,28430,4.00%
Bikaner,2,SC,Rajasthan,Arjun Ram Meghwal,Bharatiya Janta Party,1381203,569941,41.30%,19575,3.40%
Bilaspur,5,GEN,Chhattisgarh,Dilip Singh Judev,Bharatiya Janta Party,1472793,770089,52.30%,20139,2.60%
Birbhum,42,GEN,West Bengal,Satabdi Roy,All India Trinamool Congress,1221893,1017879,83.30%,61519,6.00%
Bishnupur,37,SC,West Bengal,Susmita Bauri,Communist Party Of India (MARXIST),1237948,1054282,85.20%,129366,12.30%
Bolangir,10,GEN,Orissa,Kalikesh Narayan Singh Deo,Biju Janata Dal,1443484,1011776,70.10%,90835,9.00%
Bolpur,41,SC,West Bengal,Doctor Ram Chandra Dome,Communist Party Of India (MARXIST),1307730,1079122,82.50%,126882,11.80%
Bulandshahr,14,SC,Uttar Pradesh [2000 Onwards],Kamlesh,Samajwadi Party,1482749,668557,45.10%,66065,9.90%
Buldhana,5,GEN,Maharashtra,Jadhav Prataprao Ganpatrao,Shiv Sena,1382736,853885,61.80%,28078,3.30%
Burdwan - Durgapur,39,GEN,West Bengal,Sk. Saidul Haque,Communist Party Of India (MARXIST),1353380,1136226,84.00%,108237,9.50%
Buxar,33,GEN,Bihar [2000 Onwards],Jagada Nand Singh,Rashtriya Janata Dal,1340892,623629,46.50%,2238,0.40%
Chalakudy,11,GEN,Kerala,K.P. Dhanapalan,Indian National Congress,1075390,794306,73.90%,71679,9.00%
Chamarajanagar,22,SC,Karnataka,R.Dhruvanarayana,Indian National Congress,1433825,973651,67.90%,4002,0.40%
Chandauli,76,GEN,Uttar Pradesh [2000 Onwards],Ramkishun,Samajwadi Party,1446259,670998,46.40%,459,0.10%
Chandigarh,1,GEN,Chandigarh,Pawan Kumar Bansal,Indian National Congress,524444,343579,65.50%,58967,17.20%
Chandni Chowk,1,GEN,Delhi [1977 Onwards],Kapil Sibal,Indian National Congress,1413535,780507,55.20%,200710,25.70%
Chandrapur,13,GEN,Maharashtra,Ahir Hansaraj Gangaram,Bharatiya Janta Party,1536352,898509,58.50%,32495,3.60%
Chatra,4,GEN,Jharkhand,Inder Singh Namdhari,Independent,1037665,473936,45.70%,16178,3.40%
Chelvella,10,GEN,Andhra Pradesh,Jaipal Reddy Sudini,Indian National Congress,1681664,1084394,64.50%,18532,1.70%
Chennai Central,4,GEN,Tamil Nadu,Dayanidhi Maran,Dravida Munetra Kazhagam,1000705,610372,61.00%,33454,5.50%
Chennai North,2,GEN,Tamil Nadu,Elangovan T.K.S,Dravida Munetra Kazhagam,1016663,659927,64.90%,19153,2.90%
Chennai South,3,GEN,Tamil Nadu,Rajendran C,All India Anna Dravida Munnetra Kazhagam,1162062,728118,62.70%,32935,4.50%
Chhindwara,16,GEN,Madhya Pradesh [2000 Onwards],Kamal Nath,Indian National Congress,1154249,829304,71.90%,121220,14.60%
Chhota Udaipur,21,ST,Gujarat,Rathwa Ramsingbhai Patalbhai,Bharatiya Janta Party,1412306,765220,54.20%,26998,3.50%
Chidambaram,27,SC,Tamil Nadu,Thirumaavalavan Thol,Viduthalai Chiruthaigal Katchi,1126828,869428,77.20%,99083,11.40%
Chikkballapur,27,GEN,Karnataka,M.Veerappa Moily,Indian National Congress,1437155,978715,68.10%,51381,5.20%
Chikkodi,1,GEN,Karnataka,Katti Ramesh Vishwanath,Bharatiya Janta Party,1284427,868001,67.60%,55287,6.40%
Chitradurga,18,SC,Karnataka,Janardhana Swamy,Bharatiya Janta Party,1534169,836390,54.50%,135571,16.20%
Chittoor,42,SC,Andhra Pradesh,Naramalli Sivaprasad,Telugu Desam,1291921,1045061,80.90%,10659,1.00%
Chittorgarh,21,GEN,Rajasthan,(Dr.)Girija Vyas,Indian National Congress,1601444,795308,49.70%,72778,9.20%
Churu,3,GEN,Rajasthan,Ram Singh Kaswan,Bharatiya Janta Party,1532266,802665,52.40%,12440,1.50%
Coimbatore,20,GEN,Tamil Nadu,Natarajan.P.R.,Communist Party Of India (MARXIST),1163781,825118,70.90%,38664,4.70%
Cooch Behar,1,SC,West Bengal,Nripendra Nath Roy,All India Forward Bloc,1329086,1122253,84.40%,33749,3.00%
Cuddalore,26,GEN,Tamil Nadu,Alagiri S,Indian National Congress,986030,750000,76.10%,23532,3.10%
Cuttack,14,GEN,Orissa,Bhartruhari Mahtab,Biju Janata Dal,1283576,813330,63.40%,236292,29.10%
Dadra & Nagar Haveli,1,GEN,Dadra & Nagar Haveli,Patel Natubhai Gomanbhai,Bharatiya Janta Party,150704,110363,73.20%,618,0.60%
Dahod,19,ST,Gujarat,Dr. Prabha Kishor Taviad,Indian National Congress,1194821,534414,44.70%,58536,11.00%
Dakshina Kannada,17,GEN,Karnataka,Nalin Kumar Kateel,Bharatiya Janta Party,1364641,1016135,74.50%,40420,4.00%
Daman & Diu,1,GEN,Daman & Diu,Lalubhai Patel,Bharatiya Janta Party,95382,68023,71.30%,24838,36.50%
Damoh,7,GEN,Madhya Pradesh [2000 Onwards],Shivraj Bhaiya,Bharatiya Janta Party,1357985,599295,44.10%,70877,11.80%
Darbhanga,14,GEN,Bihar [2000 Onwards],Kirti Azad,Bharatiya Janta Party,1307067,545726,41.80%,46453,8.50%
Darjeeling,4,GEN,West Bengal,Jaswant Singh,Bharatiya Janta Party,1215464,967400,79.60%,253289,26.20%
Dausa,11,ST,Rajasthan,Kirodi Lal,Independent,1315810,841583,64.00%,137759,16.40%
Davanagere,13,GEN,Karnataka,G.M. Siddeswara,Bharatiya Janta Party,1344920,907281,67.50%,2024,0.20%
Deoria,66,GEN,Uttar Pradesh [2000 Onwards],Gorakh Prasad Jaiswal,Bahujan Samaj Party,1580745,715579,45.30%,41779,5.80%
Dewas,21,SC,Madhya Pradesh [2000 Onwards],Sajjan Singh Verma,Indian National Congress,1297313,787381,60.70%,15457,2.00%
Dhanbad,7,GEN,Jharkhand,Pashupati Nath Singh,Bharatiya Janta Party,1806475,813521,45.00%,58047,7.10%
Dhar,25,ST,Madhya Pradesh [2000 Onwards],Gajendra Singh Rajukhedi,Indian National Congress,1197172,654832,54.70%,2661,0.40%
Dharmapuri,10,GEN,Tamil Nadu,Thamaraiselvan. R,Dravida Munetra Kazhagam,1069601,778634,72.80%,135942,17.50%
Dharwad,11,GEN,Karnataka,Pralhad Joshi,Bharatiya Janta Party,1411500,798496,56.60%,137663,17.20%
Dhaurahra,29,GEN,Uttar Pradesh [2000 Onwards],Kunwar Jitin Prasad,Indian National Congress,1269584,759548,59.80%,184509,24.30%
Dhenkanal,9,GEN,Orissa,Tathagata Satpathy,Biju Janata Dal,1283608,856631,66.70%,186587,21.80%
Dhubri,4,GEN,Assam,Badruddin Ajmal,Assam United Democratic Front,1371949,1046985,76.30%,184419,17.60%
Dhule,2,GEN,Maharashtra,Sonawane Pratap Narayanrao,Bharatiya Janta Party,1575227,670487,42.60%,19419,2.90%
Diamond Harbour,21,GEN,West Bengal,Somendra Nath Mitra,All India Trinamool Congress,1302398,1054561,81.00%,151689,14.40%
Dibrugarh,13,GEN,Assam,Paban Singh Ghatowar,Indian National Congress,1114965,750734,67.30%,35143,4.70%
Dindigul,22,GEN,Tamil Nadu,Chitthan N S V,Indian National Congress,1085696,821253,75.60%,54347,6.60%
Dindori,20,ST,Maharashtra,Chavan Harishchandra Deoram,Bharatiya Janta Party,1432938,681629,47.60%,37347,5.50%
Domariyaganj,60,GEN,Uttar Pradesh [2000 Onwards],Jagdambika Pal,Indian National Congress,1499679,736139,49.10%,76566,10.40%
Dum Dum,16,GEN,West Bengal,Sougata Ray,All India Trinamool Congress,1212220,976769,80.60%,20478,2.10%
Dumka,2,ST,Jharkhand,Shibu Soren,Jharkhand Mukti Morcha,1128361,622736,55.20%,18812,3.00%
Durg,7,GEN,Chhattisgarh,Saroj Pandey,Bharatiya Janta Party,1620400,905900,55.90%,9954,1.10%
East Delhi,3,GEN,Delhi [1977 Onwards],Sandeep Dikshit,Indian National Congress,1604795,857422,53.40%,241053,28.10%
Eluru,27,GEN,Andhra Pradesh,Kavuri Sambasiva Rao,Indian National Congress,1275575,1084439,85.00%,42783,3.90%
Ernakulam,12,GEN,Kerala,Prof. K V Thomas,Indian National Congress,1023053,745856,72.90%,11790,1.60%
Erode,17,GEN,Tamil Nadu,Ganeshamurthi.A.,Marumalarchi Dravida Munnetra Kazhagam,1010079,768476,76.10%,49336,6.40%
Etah,22,GEN,Uttar Pradesh [2000 Onwards],Kalyan Singh R O Madholi,Independent,1278295,568046,44.40%,128268,22.60%
Etawah,41,SC,Uttar Pradesh [2000 Onwards],Premdas,Samajwadi Party,1416867,638202,45.00%,46746,7.30%
Faizabad,54,GEN,Uttar Pradesh [2000 Onwards],Nirmal Khatri,Indian National Congress,1500160,749262,50.00%,54228,7.20%
Faridabad,10,GEN,Haryana,Avtar Singh Bhadana,Indian National Congress,1103046,624896,56.70%,68201,10.90%
Faridkot,9,SC,Punjab,Paramjit Kaur Gulshan,Shiromani Akali Dal,1288090,930521,72.20%,62042,6.70%
Farrukhabad,40,GEN,Uttar Pradesh [2000 Onwards],Salman Khursheed,Indian National Congress,1306214,611143,46.80%,27199,4.50%
Fatehgarh Sahib,8,SC,Punjab,Sukhdev Singh,Indian National Congress,1207556,838150,69.40%,34299,4.10%
Fatehpur,49,GEN,Uttar Pradesh [2000 Onwards],Rakesh Sachan,Samajwadi Party,1536621,694396,45.20%,52228,7.50%
Fatehpur Sikri,19,GEN,Uttar Pradesh [2000 Onwards],Seema Upadhyay,Bahujan Samaj Party,1345742,695511,51.70%,9936,1.40%
Ferozpur,10,GEN,Punjab,Sher Singh Ghubaya,Shiromani Akali Dal,1342488,956952,71.30%,21071,2.20%
Firozabad,20,GEN,Uttar Pradesh [2000 Onwards],Akhilesh Yadav,Samajwadi Party,1422243,684881,48.20%,67301,9.80%
Gadchiroli-Chimur,12,ST,Maharashtra,Kowase Marotrao Sainuji,Indian National Congress,1285387,837822,65.20%,28580,3.40%
Gandhinagar,6,GEN,Gujarat,Lal Krishna Advani,Bharatiya Janta Party,1555709,791098,50.90%,121747,15.40%
Ganganagar,1,SC,Rajasthan,Bharat Ram Meghwal,Indian National Congress,1491983,910531,61.00%,140668,15.40%
Garhwal,2,GEN,Uttarakhand,Satpal Maharaj,Indian National Congress,1092282,539608,49.40%,17397,3.20%
Gauhati,7,GEN,Assam,Bijoya Chakravarty,Bharatiya Janta Party,1723860,1109000,64.30%,11855,1.10%
Gautam Buddh Nagar,13,GEN,Uttar Pradesh [2000 Onwards],Surendra Singh Nagar,Bahujan Samaj Party,1522397,738929,48.50%,15904,2.20%
Gaya,38,SC,Bihar [2000 Onwards],Hari Manjhi,Bharatiya Janta Party,1329192,563429,42.40%,62453,11.10%
Ghatal,32,GEN,West Bengal,Gurudas Das Gupta,Communist Party Of India,1354861,1170375,86.40%,147184,12.60%
Ghaziabad,12,GEN,Uttar Pradesh [2000 Onwards],Rajnath Singh,Bharatiya Janta Party,1831688,830144,45.30%,90681,10.90%
Ghazipur,75,GEN,Uttar Pradesh [2000 Onwards],Radhey Mohan Singh,Samajwadi Party,1527723,770622,50.40%,69309,9.00%
Ghosi,70,GEN,Uttar Pradesh [2000 Onwards],Dara Singh Chauhan,Bahujan Samaj Party,1693231,765689,45.20%,60945,8.00%
Giridih,6,GEN,Jharkhand,Ravindra Kumar Pandey,Bharatiya Janta Party,1346527,619311,46.00%,94738,15.30%
Godda,3,GEN,Jharkhand,Nishikant Dubey,Bharatiya Janta Party,1412253,797695,56.50%,6407,0.80%
Gonda,59,GEN,Uttar Pradesh [2000 Onwards],Beni Prasad Verma,Indian National Congress,1341455,605257,45.10%,23675,3.90%
Gopalganj,17,SC,Bihar [2000 Onwards],Purnmasi Ram,Janata Dal (United),1349072,504611,37.40%,42472,8.40%
Gorakhpur,64,GEN,Uttar Pradesh [2000 Onwards],Adityanath,Bharatiya Janta Party,1696474,748613,44.10%,220271,29.40%
Gulbarga,5,SC,Karnataka,Mallikarjun Kharge,Indian National Congress,1543771,759481,49.20%,13404,1.80%
Guna,4,GEN,Madhya Pradesh [2000 Onwards],Jyotiraditya Scindia,Indian National Congress,1202772,650328,54.10%,249737,38.40%
Guntur,30,GEN,Andhra Pradesh,Rayapati Sambasiva Rao,Indian National Congress,1365177,1049921,76.90%,39355,3.70%
Gurdaspur,1,GEN,Punjab,Partap Singh Bajwa,Indian National Congress,1318967,933323,70.80%,8342,0.90%
Gurgaon,9,GEN,Haryana,Inderjit Singh,Indian National Congress,1244437,756205,60.80%,84864,11.20%
Gwalior,3,GEN,Madhya Pradesh [2000 Onwards],Yashodhara Raje Scindia,Bharatiya Janta Party,1420728,584165,41.10%,26591,4.60%
Hajipur,21,SC,Bihar [2000 Onwards],Ram Sundar Das,Janata Dal (United),1327075,555110,41.80%,37954,6.80%
Hamirpur,3,GEN,Himachal Pradesh,Anurag Singh Thakur,Bharatiya Janta Party,1187377,699687,58.90%,72732,10.40%
Hamirpur,47,GEN,Uttar Pradesh [2000 Onwards],Vijay Bahadur Singh,Bahujan Samaj Party,1498840,699687,46.70%,25502,3.60%
Hardoi,31,SC,Uttar Pradesh [2000 Onwards],Usha Verma,Samajwadi Party,1416949,575093,40.60%,92935,16.20%
Hardwar,5,GEN,Uttarakhand,Harish Rawat,Indian National Congress,1294280,788217,60.90%,127412,16.20%
Hassan,16,GEN,Karnataka,H D Devegowda,Janata Dal (Secular),1417213,980318,69.20%,291113,29.70%
Hathras,16,SC,Uttar Pradesh [2000 Onwards],Sarika Singh,Rashtriya Lok Dal,1437725,648539,45.10%,36852,5.70%
Hatkanangle,48,GEN,Maharashtra,Shetti Raju Alias Devappa Anna,Swabhimani Paksha,1458560,978507,67.10%,95060,9.70%
Haveri,10,GEN,Karnataka,Udasi Shivkumar Chanabasappa,Bharatiya Janta Party,1371763,872262,63.60%,87920,10.10%
Hazaribagh,14,GEN,Jharkhand,Yashwant Sinha,Bharatiya Janta Party,1301651,690936,53.10%,40164,5.80%
Hindupur,37,GEN,Andhra Pradesh,Kristappa Nimmala,Telugu Desam,1377610,1028974,74.70%,22835,2.20%
Hingoli,15,GEN,Maharashtra,Subhash Bapurao Wankhede,Shiv Sena,1369774,817580,59.70%,73634,9.00%
Hisar,4,GEN,Haryana,Bhajan Lal S/o Kheraj,Haryana Janhit Congress (BL),1194689,828704,69.40%,6983,0.80%
Hooghly,28,GEN,West Bengal,Dr. Ratna De (Nag),All India Trinamool Congress,1405684,1163978,82.80%,81523,7.00%
Hoshangabad,17,GEN,Madhya Pradesh [2000 Onwards],Uday Pratap Singh,Indian National Congress,1297404,712284,54.90%,19245,2.70%
Hoshiarpur,5,SC,Punjab,Santosh Chowdhary,Indian National Congress,1299234,843123,64.90%,366,0.00%
Howrah,25,GEN,West Bengal,Ambica Banerjee,All India Trinamool Congress,1344746,994315,73.90%,37392,3.80%
Hyderabad,9,GEN,Andhra Pradesh,Asaduddin Owaisi,All India Majlis-E-Ittehadul Muslimoon,1393242,730544,52.40%,113865,15.60%
Idukki,13,GEN,Kerala,Adv. P.T Thomas,Indian National Congress,1062849,787236,74.10%,74796,9.50%
Indore,26,GEN,Madhya Pradesh [2000 Onwards],Sumitra Mahajan (Tai),Bharatiya Janta Party,1570094,797171,50.80%,11480,1.40%
Inner Manipur,1,GEN,Manipur,Dr. Thokchom Meinya,Indian National Congress,826755,583323,70.60%,30960,5.30%
Jabalpur,13,GEN,Madhya Pradesh [2000 Onwards],Rakesh Singh,Bharatiya Janta Party,1446345,633495,43.80%,106003,16.70%
Jadavpur,22,GEN,West Bengal,Kabir Suman,All India Trinamool Congress,1331537,1085301,81.50%,56267,5.20%
Jagatsinghpur,16,SC,Orissa,Bibhu Prasad Tarai,Communist Party Of India,1455406,982922,67.50%,76735,7.80%
Jahanabad,36,GEN,Bihar [2000 Onwards],Jagdish Sharma,Janata Dal (United),1276912,599175,46.90%,21327,3.60%
Jaipur,7,GEN,Rajasthan,Mahesh Joshi,Indian National Congress,1684541,812957,48.30%,16099,2.00%
Jaipur Rural,6,GEN,Rajasthan,Lal Chand Kataria,Indian National Congress,1444949,687165,47.60%,52237,7.60%
Jajpur,8,SC,Orissa,Mohan Jena,Biju Janata Dal,1227088,817649,66.60%,127747,15.60%
Jalandhar,4,SC,Punjab,Mohinder Singh Kaypee,Indian National Congress,1339842,899607,67.10%,36445,4.10%
Jalaun,45,SC,Uttar Pradesh [2000 Onwards],Ghansyam Anuragi,Samajwadi Party,1684988,797588,47.30%,11409,1.40%
Jalgaon,3,GEN,Maharashtra,A.T. Nana Patil,Bharatiya Janta Party,1549391,656612,42.40%,96020,14.60%
Jalna,18,GEN,Maharashtra,Danve Raosaheb Dadarao Patil,Bharatiya Janta Party,1426255,797213,55.90%,8482,1.10%
Jalore,18,GEN,Rajasthan,Devji Patel,Bharatiya Janta Party,1520957,577810,38.00%,49805,8.60%
Jalpaiguri,3,SC,West Bengal,Mahendra Kumar Roy,Communist Party Of India (MARXIST),1252142,1032242,82.40%,88371,8.60%
Jammu,6,GEN,Jammu & Kashmir,Madan Lal Sharma,Indian National Congress,1719897,842899,49.00%,121373,14.40%
Jamnagar,12,GEN,Gujarat,Ahir Vikrambhai Arjanbhai Madam,Indian National Congress,1298599,594603,45.80%,26418,4.40%
Jamshedpur,9,GEN,Jharkhand,Arjun Munda,Bharatiya Janta Party,1380279,705570,51.10%,119663,17.00%
Jamui,40,SC,Bihar [2000 Onwards],Bhudeo Choudhary,Janata Dal (United),1404016,535288,38.10%,29797,5.60%
Jangipur,9,GEN,West Bengal,Pranab Mukherjee,Indian National Congress,1087054,934813,86.00%,128149,13.70%
Janjgir-Champa,3,SC,Chhattisgarh,Shrimati Kamla Devi Patle,Bharatiya Janta Party,1518450,737608,48.60%,87211,11.80%
Jaunpur,73,GEN,Uttar Pradesh [2000 Onwards],Dhananjay Singh,Bahujan Samaj Party,1662127,763987,46.00%,80351,10.50%
Jhalawar-Baran,25,GEN,Rajasthan,Dushyant Singh,Bharatiya Janta Party,1447157,872015,60.30%,52841,6.10%
Jhanjharpur,7,GEN,Bihar [2000 Onwards],Mangani Lal Mandal,Janata Dal (United),1418977,607835,42.80%,72709,12.00%
Jhansi,46,GEN,Uttar Pradesh [2000 Onwards],Pradeep Kumar Jain (Aditya),Indian National Congress,1562082,861858,55.20%,47670,5.50%
Jhargram,33,ST,West Bengal,Pulin Bihari Baske,Communist Party Of India (MARXIST),1241574,958825,77.20%,292345,30.50%
Jhunjhunu,4,GEN,Rajasthan,Sheesh Ram Ola,Indian National Congress,1432581,603278,42.10%,65332,10.80%
Jodhpur,16,GEN,Rajasthan,Chandresh Kumari,Indian National Congress,1506821,684623,45.40%,98329,14.40%
Jorhat,12,GEN,Assam,Bijoy Krishna Handique,Indian National Congress,1182349,765059,64.70%,71914,9.40%
Joynagar,19,SC,West Bengal,Dr. Tarun Mondal,Independent,1143640,915801,80.10%,53705,5.90%
Junagadh,13,GEN,Gujarat,Solanki Dinubhai Boghabhai,Bharatiya Janta Party,1313064,760085,57.90%,13759,1.80%
Kachchh,1,SC,Gujarat,Jat Poonamben Veljibhai,Bharatiya Janta Party,1325614,564099,42.60%,71343,12.60%
Kadapa,38,GEN,Andhra Pradesh,Y.S. Jagan Mohan Reddy,Indian National Congress,1347716,1031800,76.60%,178846,17.30%
Kairana,2,GEN,Uttar Pradesh [2000 Onwards],Tabassum Begum,Bahujan Samaj Party,1282551,725359,56.60%,22463,3.10%
Kaiserganj,57,GEN,Uttar Pradesh [2000 Onwards],Brijbhushan Sharan Singh,Samajwadi Party,1376267,565673,41.10%,72199,12.80%
Kakinada,23,GEN,Andhra Pradesh,M.M.Pallamraju,Indian National Congress,1265094,967545,76.50%,34044,3.50%
Kalahandi,11,GEN,Orissa,Bhakta Charan Das,Indian National Congress,1421959,980310,68.90%,154037,15.70%
Kaliabor,11,GEN,Assam,Dip Gogoi,Indian National Congress,1348371,961183,71.30%,151989,15.80%
Kallakurichi,14,GEN,Tamil Nadu,Sankar Adhi,Dravida Munetra Kazhagam,1106352,857618,77.50%,357571,41.70%
Kalyan,24,GEN,Maharashtra,Anand Prakash Paranjape,Shiv Sena,1588507,544851,34.30%,24202,4.40%
Kancheepuram,6,SC,Tamil Nadu,Viswanathan.P,Indian National Congress,1060188,787177,74.30%,13103,1.70%
Kandhamal,13,GEN,Orissa,Rudramadhab Ray,Biju Janata Dal,1065279,708100,66.50%,151007,21.30%
Kangra,1,GEN,Himachal Pradesh,Dr. Rajan Sushant,Bharatiya Janta Party,1200165,662248,55.20%,20779,3.10%
Kanker,11,ST,Chhattisgarh,Sohan Potai,Bharatiya Janta Party,1296734,742076,57.20%,19288,2.60%
Kannauj,42,GEN,Uttar Pradesh [2000 Onwards],Akhilesh Yadav,Samajwadi Party,1504276,741965,49.30%,115864,15.60%
Kanniyakumari,39,GEN,Tamil Nadu,Helen Davidson J,Dravida Munetra Kazhagam,1178047,766034,65.00%,65687,8.60%
Kannur,2,GEN,Kerala,K. Sudhakaran,Indian National Congress,1069725,867040,81.10%,43151,5.00%
Kanpur,43,GEN,Uttar Pradesh [2000 Onwards],Sri Prakash Jaiswal,Indian National Congress,1390055,512917,36.90%,18906,3.70%
Kanthi,31,GEN,West Bengal,Adhikari Sisir Kumar,All India Trinamool Congress,1249775,1124817,90.00%,129103,11.50%
Karakat,35,GEN,Bihar [2000 Onwards],Mahabali Singh,Janata Dal (United),1386634,577454,41.60%,20483,3.50%
Karauli-Dholpur,10,SC,Rajasthan,Khiladi Lal Bairwa,Indian National Congress,1303196,487218,37.40%,29723,6.10%
Karimganj,1,SC,Assam,Lalit Mohan Suklabaidya,Indian National Congress,1068811,685740,64.20%,7920,1.20%
Karimnagar,3,GEN,Andhra Pradesh,Ponnam Prabhakar,Indian National Congress,1496211,991417,66.30%,50243,5.10%
Karnal,5,GEN,Haryana,Arvind Kumar Sharma,Indian National Congress,1216977,811067,66.70%,76346,9.40%
Karur,23,GEN,Tamil Nadu,Thambidurai.M,All India Anna Dravida Munnetra Kazhagam,1012924,825860,81.50%,47254,5.70%
Kasaragod,1,GEN,Kerala,P Karunakaran,Communist Party Of India (MARXIST),1113892,848205,76.20%,64427,7.60%
Katihar,11,GEN,Bihar [2000 Onwards],Nikhil Kumar Choudhary,Bharatiya Janta Party,1272769,724942,57.00%,14015,1.90%
Kaushambi,50,SC,Uttar Pradesh [2000 Onwards],Shailendra Kumar,Samajwadi Party,1391312,551342,39.60%,55789,10.10%
Kendrapara,15,GEN,Orissa,Baijayant Panda,Biju Janata Dal,1434425,982950,68.50%,127107,12.90%
Keonjhar,4,ST,Orissa,Yashbant Narayan Singh Laguri,Biju Janata Dal,1265225,892274,70.50%,126484,14.20%
Khadoor Sahib,3,GEN,Punjab,Dr. Rattan Singh Ajnala,Shiromani Akali Dal,1340145,946690,70.60%,32260,3.40%
Khagaria,25,GEN,Bihar [2000 Onwards],Dinesh Chandra Yadav,Janata Dal (United),1342970,624966,46.50%,138755,22.20%
Khajuraho,8,GEN,Madhya Pradesh [2000 Onwards],Jeetendra Singh Bundela,Bharatiya Janta Party,1349511,583085,43.20%,28332,4.90%
Khammam,17,GEN,Andhra Pradesh,Nama Nageswara Rao,Telugu Desam,1259815,1038421,82.40%,124448,12.00%
Khandwa,28,GEN,Madhya Pradesh [2000 Onwards],Arun Subhashchandra Yadav,Indian National Congress,1355325,813214,60.00%,49081,6.00%
Khargone,27,ST,Madhya Pradesh [2000 Onwards],Makansingh Solanki (Babuji),Bharatiya Janta Party,1263778,760779,60.20%,34175,4.50%
Kheda,17,GEN,Gujarat,Dinsha Patel,Indian National Congress,1448571,602867,41.60%,846,0.10%
Kheri,28,GEN,Uttar Pradesh [2000 Onwards],Zafar Ali Naqvi,Indian National Congress,1297088,707983,54.60%,8777,1.20%
Khunti,11,ST,Jharkhand,Karia Munda,Bharatiya Janta Party,980868,510352,52.00%,80175,15.70%
Kishanganj,10,GEN,Bihar [2000 Onwards],Mohammad Asrarul Haque,Indian National Congress,1186369,626914,52.80%,80269,12.80%
Kodarma,5,GEN,Jharkhand,Babulal Marandi,Jharkhand Vikas Morcha (Prajatantrik),1390428,780555,56.10%,48520,6.20%
Kokrajhar,5,ST,Assam,Sansuma Khunggur Bwiswmuthiary,Bodaland Peoples Front,1377837,1015053,73.70%,190322,18.70%
Kolar,28,SC,Karnataka,K.H.Muniyappa,Indian National Congress,1340923,928350,69.20%,23006,2.50%
Kolhapur,47,GEN,Maharashtra,Sadashivrao Dadoba Mandlik,Independent,1583030,1029203,65.00%,44800,4.40%
Kolkata Dakshin,23,GEN,West Bengal,Mamata Banerjee,All India Trinamool Congress,1505638,1008329,67.00%,219571,21.80%
Kolkata Uttar,24,GEN,West Bengal,Sudip Bandyopadhyay,All India Trinamool Congress,1366647,878866,64.30%,109278,12.40%
Kollam,18,GEN,Kerala,N.Peethambarakurup,Indian National Congress,1108686,754928,68.10%,17531,2.30%
Koppal,8,GEN,Karnataka,Shivaramagouda Shivanagouda,Bharatiya Janta Party,1363431,754803,55.40%,81789,10.80%
Koraput,21,ST,Orissa,Jayaram Pangi,Biju Janata Dal,1217768,759610,62.40%,96360,12.70%
Korba,4,GEN,Chhattisgarh,Charan Das Mahant,Indian National Congress,1276443,745617,58.40%,20737,2.80%
Kota,24,GEN,Rajasthan,Ijyaraj Singh,Indian National Congress,1498971,682181,45.50%,83093,12.20%
Kottayam,14,GEN,Kerala,Jose K.Mani (Karingozheckal),Kerala Congress(M),1095242,809844,73.90%,71570,8.80%
Kozhikode,5,GEN,Kerala,M.K. Raghavan,Indian National Congress,1053817,799996,75.90%,838,0.10%
Krishnagiri,9,GEN,Tamil Nadu,Sugavanam. E.G.,Dravida Munetra Kazhagam,1014758,752583,74.20%,76598,10.20%
Krishnanagar,12,GEN,West Bengal,Tapas Paul,All India Trinamool Congress,1223082,1047125,85.60%,77386,7.40%
Kurnool,35,GEN,Andhra Pradesh,Kotla Jaya Surya Prakash Reddy,Indian National Congress,1307312,873551,66.80%,73773,8.40%
Kurukshetra,2,GEN,Haryana,Naveen Jindal,Indian National Congress,1166684,875415,75.00%,118729,13.60%
Kushi Nagar,65,GEN,Uttar Pradesh [2000 Onwards],Ku. Ratanjeet Pratap Narayan Singh,Indian National Congress,1438263,731041,50.80%,21094,2.90%
Ladakh,4,GEN,Jammu & Kashmir,Hassan Khan,Independent,152491,111013,72.80%,3684,3.30%
Lakhimpur,14,GEN,Assam,Ranee Narah,Indian National Congress,1332518,909812,68.30%,44572,4.90%
Lakshadweep,1,ST,Lakshadweep,Hamdullah Sayeed,Indian National Congress,45983,39498,85.90%,2198,5.60%
Lalganj,68,SC,Uttar Pradesh [2000 Onwards],Dr. Baliram,Bahujan Samaj Party,1509536,659042,43.70%,39948,6.10%
Latur,41,SC,Maharashtra,Awale Jaywant Gangaram,Indian National Congress,1509987,829585,54.90%,7975,1.00%
Lohardaga,12,ST,Jharkhand,Sudarshan Bhagat,Bharatiya Janta Party,981666,522402,53.20%,8283,1.60%
Lucknow,35,GEN,Uttar Pradesh [2000 Onwards],Lal Ji Tandon,Bharatiya Janta Party,1653123,587772,35.60%,40901,7.00%
Ludhiana,7,GEN,Punjab,Manish Tewari,Indian National Congress,1309308,846277,64.60%,113706,13.40%
Machhlishahr,74,SC,Uttar Pradesh [2000 Onwards],Tufani Saroj,Samajwadi Party,1751074,717824,41.00%,24306,3.40%
Machilipatnam,28,GEN,Andhra Pradesh,Konakalla Narayana Rao,Telugu Desam,1251053,1052352,84.10%,12456,1.20%
Madha,43,GEN,Maharashtra,Pawar Sharadchandra Govindrao,Nationalist Congress Party,1558442,919449,59.00%,314459,34.20%
Madhepura,13,GEN,Bihar [2000 Onwards],Sharad Yadav,Janata Dal (United),1508361,756468,50.20%,177621,23.50%
Madhubani,6,GEN,Bihar [2000 Onwards],Hukmadeo Narayan Yadav,Bharatiya Janta Party,1397256,556572,39.80%,9927,1.80%
Madurai,32,GEN,Tamil Nadu,Alagiri M.K,Dravida Munetra Kazhagam,1022421,792011,77.50%,140985,17.80%
Mahabubabad,16,ST,Andhra Pradesh,P. Balram,Indian National Congress,1265396,996860,78.80%,68957,6.90%
Maharajganj,63,GEN,Uttar Pradesh [2000 Onwards],Harsh Vardhan,Indian National Congress,1509167,599531,39.70%,123628,20.60%
Maharajganj,19,GEN,Bihar [2000 Onwards],Uma Shanaker Singh,Rashtriya Janata Dal,1312219,599531,45.70%,2797,0.50%
Mahasamund,9,GEN,Chhattisgarh,Chandulal Sahu (Chandu Bhaiya),Bharatiya Janta Party,1369154,776337,56.70%,51475,6.60%
Mahbubnagar,11,GEN,Andhra Pradesh,K. Chandrasekhar Rao,Telangana Rashtra Samithi,1368868,927588,67.80%,20184,2.20%
Mahesana,4,GEN,Gujarat,Patel Jayshreeben Kanubhai,Bharatiya Janta Party,1393970,692685,49.70%,21865,3.20%
Mainpuri,21,GEN,Uttar Pradesh [2000 Onwards],Mulayam Singh Yadav,Samajwadi Party,1399259,696701,49.80%,173069,24.80%
Malappuram,6,GEN,Kerala,E. Ahamed,Muslim League Kerala State Committee,1019713,784713,77.00%,115597,14.70%
Maldaha Dakshin,8,GEN,West Bengal,Abu Hasem Khan Choudhury,Indian National Congress,1052093,831309,79.00%,136280,16.40%
Maldaha Uttar,7,GEN,West Bengal,Mausam Noor,Indian National Congress,1101096,922537,83.80%,60141,6.50%
Malkajgiri,7,GEN,Andhra Pradesh,Sarvey Sathyanarayana,Indian National Congress,2343050,1205858,51.50%,93326,7.70%
Mandi,2,GEN,Himachal Pradesh,Virbhadra Singh,Indian National Congress,1112524,713687,64.20%,13997,2.00%
Mandla,14,ST,Madhya Pradesh [2000 Onwards],Basori Singh Masram,Indian National Congress,1528061,860093,56.30%,65053,7.60%
Mandsour,23,GEN,Madhya Pradesh [2000 Onwards],Meenakshi Natrajan,Indian National Congress,1371067,765754,55.90%,30819,4.00%
Mandya,20,GEN,Karnataka,N Cheluvaraya Swamy @ Swamygowda,Janata Dal (Secular),1499744,1031797,68.80%,23500,2.30%
Mangaldoi,8,GEN,Assam,Ramen Deka,Bharatiya Janta Party,1416682,988448,69.80%,55849,5.70%
Mathura,17,GEN,Uttar Pradesh [2000 Onwards],Jayant Chaudhary,Rashtriya Lok Dal,1341649,726769,54.20%,169613,23.30%
Mathurapur,20,SC,West Bengal,Choudhury Mohan Jatua,All India Trinamool Congress,1227376,1049016,85.50%,129963,12.40%
Maval,33,GEN,Maharashtra,Babar Gajanan Dharmshi,Shiv Sena,1604886,718520,44.80%,80619,11.20%
Mavelikkara,16,SC,Kerala,Kodikkunnil Suresh,Indian National Congress,1142993,806273,70.50%,48048,6.00%
Mayiladuthurai,28,GEN,Tamil Nadu,Maniyan O.S.,All India Anna Dravida Munnetra Kazhagam,1091519,800627,73.40%,36854,4.60%
Mayurbhanj,5,ST,Orissa,Laxman Tudu,Biju Janata Dal,1173650,825506,70.30%,66178,8.00%
Medak,6,GEN,Andhra Pradesh,Vijaya Shanthi .M,Telangana Rashtra Samithi,1389721,1062584,76.50%,6077,0.60%
Medinipur,34,GEN,West Bengal,Prabodh Panda,Communist Party Of India,1262983,1043731,82.60%,48017,4.60%
Meerut,10,GEN,Uttar Pradesh [2000 Onwards],Rajendra Agarwal,Bharatiya Janta Party,1508788,727732,48.20%,47146,6.50%
Mirzapur,79,GEN,Uttar Pradesh [2000 Onwards],Bal Kumar Patel,Samajwadi Party,1405539,732859,52.10%,19682,2.70%
Misrikh,32,SC,Uttar Pradesh [2000 Onwards],Ashok Kumar Rawat,Bahujan Samaj Party,1464770,607911,41.50%,23292,3.80%
Mizoram,1,ST,Mizoram,C.L.Ruala,Indian National Congress,629374,332553,52.80%,108955,32.80%
Mohanlalganj,34,SC,Uttar Pradesh [2000 Onwards],Sushila Saroj,Samajwadi Party,1500237,694220,46.30%,76595,11.00%
Moradabad,6,GEN,Uttar Pradesh [2000 Onwards],Mohammed Azharuddin,Indian National Congress,1388525,761683,54.90%,49107,6.40%
Morena,1,GEN,Madhya Pradesh [2000 Onwards],Narendra Singh Tomar,Bharatiya Janta Party,1339897,710660,53.00%,100997,14.20%
Mumbai North,26,GEN,Maharashtra,Sanjay Brijkishorlal Nirupam,Indian National Congress,1608924,685035,42.60%,5779,0.80%
Mumbai North Central,29,GEN,Maharashtra,Dutt Priya Sunil,Indian National Congress,1681985,664652,39.50%,174555,26.30%
Mumbai North East,28,GEN,Maharashtra,Sanjay Dina Patil,Nationalist Congress Party,1572890,667955,42.50%,2933,0.40%
Mumbai North West,27,GEN,Maharashtra,Ad.Kamat Gurudas Vasant,Indian National Congress,1604992,707303,44.10%,38387,5.40%
Mumbai South,31,GEN,Maharashtra,Deora Milind Murli,Indian National Congress,1589811,641597,40.40%,112682,17.60%
Mumbai South Central,30,GEN,Maharashtra,Eknath M. Gaikwad,Indian National Congress,1515899,598877,39.50%,75706,12.60%
Munger,28,GEN,Bihar [2000 Onwards],Rajiv Ranjan Singh Alias Lalan Singh,Janata Dal (United),1564604,651035,41.60%,189361,29.10%
Murshidabad,11,GEN,West Bengal,Abdul Mannan Hossain,Indian National Congress,1192899,1052242,88.20%,35647,3.40%
Muzaffarnagar,3,GEN,Uttar Pradesh [2000 Onwards],Kadir Rana,Bahujan Samaj Party,1370117,744973,54.40%,20598,2.80%
Muzaffarpur,15,GEN,Bihar [2000 Onwards],Captain Jai Narayan Prasad Nishad,Janata Dal (United),1339949,621870,46.40%,47809,7.70%
Mysore,21,GEN,Karnataka,Adagur H Vishwanath,Indian National Congress,1653991,974410,58.90%,7691,0.80%
Nabarangpur,12,ST,Orissa,Pradeep Kumar Majhi,Indian National Congress,1215653,792063,65.20%,29977,3.80%
Nagaland,1,ST,Nagaland,C.M. Chang,Nagaland Peoples Front,1321878,1189670,90.00%,483021,40.60%
Nagapattinam,29,SC,Tamil Nadu,Vijayan A K S,Dravida Munetra Kazhagam,982352,764572,77.80%,47962,6.30%
Nagarkurnool,12,SC,Andhra Pradesh,Dr. Manda Jagannath,Indian National Congress,1460484,1027695,70.40%,47767,4.60%
Nagaur,14,GEN,Rajasthan,Dr. Jyoti Mirdha,Indian National Congress,1486307,610003,41.00%,155137,25.40%
Nagina,5,SC,Uttar Pradesh [2000 Onwards],Yashvir Singh,Samajwadi Party,1196566,643784,53.80%,59688,9.30%
Nagpur,10,GEN,Maharashtra,Muttemwar Vilasrao Baburaoji,Indian National Congress,1738920,755714,43.50%,24399,3.20%
Nainital-Udhamsingh Nagar,4,GEN,Uttarakhand,K.C. Singh Baba,Indian National Congress,1284092,753947,58.70%,88412,11.70%
Nalanda,29,GEN,Bihar [2000 Onwards],Kaushalendra Kumar,Janata Dal (United),1719503,568233,33.10%,152677,26.90%
Nalgonda,13,GEN,Andhra Pradesh,Gutha Sukender Reddy,Indian National Congress,1455016,1083684,74.50%,152982,14.10%
Namakkal,16,GEN,Tamil Nadu,Gandhiselvan.S,Dravida Munetra Kazhagam,1075526,846216,78.70%,102431,12.10%
Nanded,16,GEN,Maharashtra,Khatgaonkar Patil Bhaskarrao Bapurao,Indian National Congress,1439015,774850,53.90%,74614,9.60%
Nandurbar,1,ST,Maharashtra,Gavit Manikrao Hodlya,Indian National Congress,1455543,766408,52.70%,79949,10.40%
Nandyal,34,GEN,Andhra Pradesh,S.P.Y.Reddy,Indian National Congress,1358711,996163,73.30%,90847,9.10%
Narasaraopet,31,GEN,Andhra Pradesh,Modugula Venugopala Reddy,Telugu Desam,1360431,1086317,79.90%,1607,0.10%
Narsapuram,26,GEN,Andhra Pradesh,Bapiraju Kanumuru,Indian National Congress,1173138,995129,84.80%,114690,11.50%
Nashik,21,GEN,Maharashtra,Sameer Bhujbal,Nationalist Congress Party,1448414,656930,45.40%,22032,3.40%
Navsari,25,GEN,Gujarat,C. R. Patil,Bharatiya Janta Party,1623415,757579,46.70%,132643,17.50%
Nawada,39,GEN,Bihar [2000 Onwards],Bhola Singh,Bharatiya Janta Party,1397512,581583,41.60%,34917,6.00%
Nellore,39,GEN,Andhra Pradesh,Mekapati Rajamohan Reddy,Indian National Congress,1450938,1006949,69.40%,54993,5.50%
New Delhi,4,GEN,Delhi [1977 Onwards],Ajay Makan,Indian National Congress,1373146,765180,55.70%,187809,24.50%
Nilgiris,19,SC,Tamil Nadu,Raja A,Dravida Munetra Kazhagam,1003168,709771,70.80%,86021,12.10%
Nizamabad,4,GEN,Andhra Pradesh,Madhu Yaskhi Goud,Indian National Congress,1333271,889962,66.80%,60390,6.80%
North East Delhi,2,GEN,Delhi [1977 Onwards],Jai Prakash Agarwal,Indian National Congress,1677058,877919,52.40%,222243,25.30%
North Goa,1,GEN,Goa,Shripad Yesso Naik,Bharatiya Janta Party,486983,292408,60.00%,6353,2.20%
North West Delhi,5,SC,Delhi [1977 Onwards],Krishna Tirath,Indian National Congress,1798181,857564,47.70%,184433,21.50%
Nowgong,10,GEN,Assam,Rajen Gohain,Bharatiya Janta Party,1411331,998937,70.80%,45380,4.50%
Ongole,33,GEN,Andhra Pradesh,Magunta Srinivasulu Reddy,Indian National Congress,1375558,1026948,74.70%,78523,7.60%
Osmanabad,40,GEN,Maharashtra,Patil Padamsinha Bajirao,Nationalist Congress Party,1608852,924810,57.50%,6787,0.70%
Outer Manipur,2,ST,Manipur,Thangso Baite,Indian National Congress,909496,753388,82.80%,119798,15.90%
Palakkad,8,GEN,Kerala,M.B. Rajesh,Communist Party Of India (MARXIST),1074818,790872,73.60%,1820,0.20%
Palamau,13,SC,Jharkhand,Kameshwar Baitha,Jharkhand Mukti Morcha,1417375,651271,46.00%,23538,3.60%
Palghar,22,ST,Maharashtra,Jadhav Baliram Sukur,Bahujan Vikas Aaghadi,1523061,732599,48.10%,12360,1.70%
Pali,15,GEN,Rajasthan,Badri Ram Jakhar,Indian National Congress,1682713,724620,43.10%,196717,27.10%
Panchmahal,18,GEN,Gujarat,Chauhan Prabhatsinh Pratapsinh,Bharatiya Janta Party,1423385,606673,42.60%,2081,0.30%
Parbhani,17,GEN,Maharashtra,Adv. Dudhgaonkar Ganeshrao Nagorao,Shiv Sena,1610088,870761,54.10%,65418,7.50%
Paschim Champaran,2,GEN,Bihar [2000 Onwards],Dr. Sanjay Jaiswal,Bharatiya Janta Party,1220868,515490,42.20%,47343,9.20%
Pataliputra,31,GEN,Bihar [2000 Onwards],Ranjan Prasad Yadav,Janata Dal (United),1526241,628364,41.20%,23541,3.70%
Patan,3,GEN,Gujarat,Jagdish Thakor,Indian National Congress,1417623,633160,44.70%,18504,2.90%
Pathanamthitta,17,GEN,Kerala,Anto Antony Punnathaniyil,Indian National Congress,1213370,798232,65.80%,111206,13.90%
Patiala,13,GEN,Punjab,Preneet Kaur,Indian National Congress,1344864,935959,69.60%,97389,10.40%
Patna Sahib,30,GEN,Bihar [2000 Onwards],Shatrughan Sinha,Bharatiya Janta Party,1641976,552538,33.70%,166770,30.20%
Peddapalli,2,SC,Andhra Pradesh,Dr.G.Vivekanand,Indian National Congress,1315642,904183,68.70%,49017,5.40%
Perambalur,25,GEN,Tamil Nadu,Napoleond.,Dravida Munetra Kazhagam,1049033,834811,79.60%,77604,9.30%
Phulpur,51,GEN,Uttar Pradesh [2000 Onwards],Kapil Muni Karwariya,Bahujan Samaj Party,1426451,551913,38.70%,14578,2.60%
Pilibhit,26,GEN,Uttar Pradesh [2000 Onwards],Varun Gandhi,Bharatiya Janta Party,1310007,837650,63.90%,281501,33.60%
Pollachi,21,GEN,Tamil Nadu,Sugumar.K,All India Anna Dravida Munnetra Kazhagam,1017811,773303,76.00%,46025,6.00%
Pondicherry,1,GEN,Pondicherry,Narayanasamy,Indian National Congress,762440,608533,79.80%,91772,15.10%
Ponnani,7,GEN,Kerala,E.T. Muhammed Basheer,Muslim League Kerala State Committee,997075,770205,77.30%,82684,10.70%
Porbandar,11,GEN,Gujarat,Radadiya Vitthalbhai Hansrajbhai,Indian National Congress,1385818,660768,47.70%,39503,6.00%
Pratapgarh,39,GEN,Uttar Pradesh [2000 Onwards],Rajkumari Ratna Singh,Indian National Congress,1435159,641017,44.70%,29779,4.60%
Pune,34,GEN,Maharashtra,Kalmadi Suresh,Indian National Congress,1806953,734482,40.70%,25701,3.50%
Puri,17,GEN,Orissa,Pinaki Misra,Biju Janata Dal,1322817,910198,68.80%,211305,23.20%
Purnia,12,GEN,Bihar [2000 Onwards],Uday Singh Alias Pappu Singh,Bharatiya Janta Party,1305396,704866,54.00%,186227,26.40%
Purulia,35,GEN,West Bengal,Narahari Mahato,All India Forward Bloc,1257799,905208,72.00%,19301,2.10%
Purvi Champaran,3,GEN,Bihar [2000 Onwards],Radha Mohan Singh,Bharatiya Janta Party,1187264,482094,40.60%,79290,16.40%
Rae Bareli,36,GEN,Uttar Pradesh [2000 Onwards],Sonia Gandhi,Indian National Congress,1379507,666699,48.30%,372165,55.80%
Raichur,6,ST,Karnataka,Pakkirappa.S.,Bharatiya Janta Party,1486326,682388,45.90%,30636,4.50%
Raigad,32,GEN,Maharashtra,Anant Geete,Shiv Sena,1359830,769264,56.60%,146521,19.00%
Raiganj,5,GEN,West Bengal,Deepa Dasmunsi,Indian National Congress,1108382,900271,81.20%,105203,11.70%
Raigarh,2,ST,Chhattisgarh,Vishnu Deo Sai,Bharatiya Janta Party,1432746,935750,65.30%,55848,6.00%
Raipur,8,GEN,Chhattisgarh,Ramesh Bais,Bharatiya Janta Party,1578868,741969,47.00%,57901,7.80%
Rajahmundry,25,GEN,Andhra Pradesh,Aruna Kumar Vundavalli,Indian National Congress,1260974,1021131,81.00%,2147,0.20%
Rajampet,41,GEN,Andhra Pradesh,Annayyagari Sai Prathap,Indian National Congress,1311449,997835,76.10%,110377,11.10%
Rajgarh,20,GEN,Madhya Pradesh [2000 Onwards],Narayansingh Amlabe,Indian National Congress,1261062,651383,51.70%,24388,3.70%
Rajkot,10,GEN,Gujarat,Kuvarjibhai Mohanbhai Bavalia,Indian National Congress,1455072,649750,44.70%,24735,3.80%
Rajmahal,1,ST,Jharkhand,Devidhan Besra,Bharatiya Janta Party,1167993,644495,55.20%,8983,1.40%
Rajnandgaon,6,GEN,Chhattisgarh,Madhusudan Yadav,Bharatiya Janta Party,1411051,830578,58.90%,119074,14.30%
Rajsamand,22,GEN,Rajasthan,Gopal Singh,Indian National Congress,1489231,591390,39.70%,45890,7.80%
Ramanathapuram,35,GEN,Tamil Nadu,Sivakumar @ J.K. Ritheesh. K,Dravida Munetra Kazhagam,1133391,779721,68.80%,69915,9.00%
Rampur,7,GEN,Uttar Pradesh [2000 Onwards],Jaya Prada Nahata,Samajwadi Party,1154544,606179,52.50%,30931,5.10%
Ramtek,9,SC,Maharashtra,Wasnik Mukul Balkrishna,Indian National Congress,1502900,765020,50.90%,16701,2.20%
Ranaghat,13,SC,West Bengal,Sucharu Ranjan Haldar,All India Trinamool Congress,1329436,1148874,86.40%,101823,8.90%
Ranchi,8,GEN,Jharkhand,Subodh Kant Sahay,Indian National Congress,1625148,723932,44.60%,13350,1.80%
Ratlam,24,ST,Madhya Pradesh [2000 Onwards],Kantilal Bhuria,Indian National Congress,1251597,637626,50.90%,57668,9.00%
Ratnagiri - Sindhudurg,46,GEN,Maharashtra,Dr.Nilesh Narayan Rane,Indian National Congress,1252255,719855,57.50%,46750,6.50%
Raver,4,GEN,Maharashtra,Haribhau Madhav Jawale,Bharatiya Janta Party,1418691,720215,50.80%,28218,3.90%
Rewa,10,GEN,Madhya Pradesh [2000 Onwards],Deoraj Singh Patel,Bahujan Samaj Party,1248727,603761,48.40%,4021,0.70%
Robertsganj,80,SC,Uttar Pradesh [2000 Onwards],Pakauri Lal,Samajwadi Party,1214735,595313,49.00%,50259,8.40%
Rohtak,7,GEN,Haryana,Deepender Singh,Indian National Congress,1274972,835610,65.50%,445736,53.30%
Sabarkantha,5,GEN,Gujarat,Chauhan Mahendrasinh,Bharatiya Janta Party,1452240,717642,49.40%,17160,2.40%
Sagar,5,GEN,Madhya Pradesh [2000 Onwards],Bhupendra Singh,Bharatiya Janta Party,1185166,570342,48.10%,131168,23.00%
Saharanpur,1,GEN,Uttar Pradesh [2000 Onwards],Jagdish Singh Rana,Bahujan Samaj Party,1298132,821119,63.30%,84873,10.30%
Salem,15,GEN,Tamil Nadu,Semmalai S,All India Anna Dravida Munnetra Kazhagam,1171839,895888,76.50%,46491,5.20%
Salempur,71,GEN,Uttar Pradesh [2000 Onwards],Ramashankar Rajbhar,Bahujan Samaj Party,1621136,635226,39.20%,18305,2.90%
Samastipur,23,SC,Bihar [2000 Onwards],Maheshwar Hazari,Janata Dal (United),1312948,584752,44.50%,104376,17.80%
Sambalpur,3,GEN,Orissa,Amarnath Pradhan,Indian National Congress,1233251,800562,64.90%,14874,1.90%
Sambhal,8,GEN,Uttar Pradesh [2000 Onwards],Dr. Shafiqur Rahman Barq,Bahujan Samaj Party,1290810,682137,52.90%,13464,2.00%
Sangli,44,GEN,Maharashtra,Pratik Prakashbapu Patil,Indian National Congress,1490571,778760,52.30%,39783,5.10%
Sangrur,12,GEN,Punjab,Vijay Inder Singla,Indian National Congress,1251401,931247,74.40%,40872,4.40%
Sant Kabir Nagar,62,GEN,Uttar Pradesh [2000 Onwards],Bhisma Shankar Alias Kushal Tiwari,Bahujan Samaj Party,1694453,800935,47.30%,29496,3.70%
Saran,20,GEN,Bihar [2000 Onwards],Lalu Prasad,Rashtriya Janata Dal,1268338,580830,45.80%,51815,8.90%
Sarguja,1,ST,Chhattisgarh,Murarilal Singh,Bharatiya Janta Party,1306822,805197,61.60%,159548,19.80%
Sasaram,34,SC,Bihar [2000 Onwards],Meira Kumar,Indian National Congress,1402789,599031,42.70%,42954,7.20%
Satara,45,GEN,Maharashtra,Bhonsle Shrimant Chh. Udyanraje Pratapsinhmaharaj,Nationalist Congress Party,1546146,816703,52.80%,297515,36.40%
Satna,9,GEN,Madhya Pradesh [2000 Onwards],Ganesh Singh,Bharatiya Janta Party,1207500,659947,54.70%,4418,0.70%
Secundrabad,8,GEN,Andhra Pradesh,Anjan Kumar Yadav M,Indian National Congress,1574818,865489,55.00%,170167,19.70%
Shahdol,12,ST,Madhya Pradesh [2000 Onwards],Rajesh Nandini Singh,Indian National Congress,1272377,629477,49.50%,13415,2.10%
Shahjahanpur,27,SC,Uttar Pradesh [2000 Onwards],Mithlesh,Samajwadi Party,1627964,792516,48.70%,70579,8.90%
Sheohar,4,GEN,Bihar [2000 Onwards],Rama Devi,Bharatiya Janta Party,1269056,573012,45.20%,125684,21.90%
Shillong,1,ST,Meghalaya,Vincent H Pala,Indian National Congress,771965,480424,62.20%,107868,22.50%
Shimla,4,SC,Himachal Pradesh,Virender Kashyap,Bharatiya Janta Party,1106608,616777,55.70%,27327,4.40%
Shimoga,14,GEN,Karnataka,B.Y. Raghavendra,Bharatiya Janta Party,1435908,954752,66.50%,52893,5.50%
Shirdi,38,SC,Maharashtra,Wakchaure Bhausaheb Rajaram,Shiv Sena,1317890,663964,50.40%,132751,20.00%
Shirur,36,GEN,Maharashtra,Adhalrao Shivaji Dattatray,Shiv Sena,1630466,839734,51.50%,178611,21.30%
Shrawasti,58,GEN,Uttar Pradesh [2000 Onwards],Vinay Kumar Alias Vinnu,Indian National Congress,1405884,605386,43.10%,42029,6.90%
Sidhi,11,GEN,Madhya Pradesh [2000 Onwards],Govind Prasad Mishra,Bharatiya Janta Party,1358291,675867,49.80%,45740,6.80%
Sikar,5,GEN,Rajasthan,Mahadev Singh,Indian National Congress,1507740,725873,48.10%,149426,20.60%
Sikkim,1,GEN,Sikkim,Prem Das Rai,Sikkim Democratic Front,300584,257159,85.60%,84868,33.00%
Silchar,2,GEN,Assam,Kabindra Purkayastha,Bharatiya Janta Party,978510,688547,70.40%,41470,6.00%
Singhbhum,10,ST,Jharkhand,Madhu Kora,Independent,957406,579926,60.60%,89673,15.50%
Sirsa,3,SC,Haryana,Ashok Tanwar,Indian National Congress,1309507,981472,75.00%,35499,3.60%
Sitamarhi,5,GEN,Bihar [2000 Onwards],Arjun Roy,Janata Dal (United),1355817,576772,42.50%,110566,19.20%
Sitapur,30,GEN,Uttar Pradesh [2000 Onwards],Kaisar Jahan,Bahujan Samaj Party,1230078,704998,57.30%,19632,2.80%
Sivaganga,31,GEN,Tamil Nadu,Chidambaram P,Indian National Congress,1092438,776037,71.00%,3354,0.40%
Siwan,18,GEN,Bihar [2000 Onwards],Om Prakash Yadav,Independent,1282480,642234,50.10%,63430,9.90%
Solapur,42,SC,Maharashtra,Shinde Sushilkumar Sambhajirao,Indian National Congress,1594138,743336,46.60%,99632,13.40%
Sonipat,6,GEN,Haryana,Jitender Singh,Indian National Congress,1099978,712449,64.80%,161284,22.60%
South Delhi,7,GEN,Delhi [1977 Onwards],Ramesh Kumar,Indian National Congress,1542412,731332,47.40%,93219,12.70%
South Goa,2,GEN,Goa,Cosme Francisco Caitano Sardinha,Indian National Congress,533811,272223,51.00%,12516,4.60%
Srerampur,27,GEN,West Bengal,Kalyan Banerjee,All India Trinamool Congress,1395570,1081979,77.50%,137190,12.70%
Srikakulam,19,GEN,Andhra Pradesh,Killi Krupa Rani,Indian National Congress,1226125,921680,75.20%,82987,9.00%
Srinagar,2,GEN,Jammu & Kashmir,Farooq Abdullah,Jammu & Kashmir National Conference,1106729,282769,25.60%,30242,10.70%
Sriperumbudur,5,GEN,Tamil Nadu,Baalu T R,Dravida Munetra Kazhagam,1201237,794505,66.10%,25036,3.20%
Sultanpur,38,GEN,Uttar Pradesh [2000 Onwards],Dr.Sanjay Singh,Indian National Congress,1430955,707853,49.50%,98779,14.00%
Sundargarh,2,ST,Orissa,Hemanand Biswal,Indian National Congress,1248955,768000,61.50%,11624,1.50%
Supaul,8,GEN,Bihar [2000 Onwards],Vishwa Mohan Kumar,Janata Dal (United),1279549,697682,54.50%,166075,23.80%
Surat,24,GEN,Gujarat,Shrimati Darshana Vikram Jardosh,Bharatiya Janta Party,1420969,695809,49.00%,74798,10.70%
Surendranagar,9,GEN,Gujarat,Koli Patel Somabhai Gandalal,Indian National Congress,1475820,586318,39.70%,4831,0.80%
Tamluk,30,GEN,West Bengal,Adhikari Suvendu,All India Trinamool Congress,1271230,1148299,90.30%,172958,15.10%
Tehri Garhwal,1,GEN,Uttarakhand,Vijay Bahuguna,Indian National Congress,1159691,585576,50.50%,52939,9.00%
Tenkasi,37,SC,Tamil Nadu,Lingam P,Communist Party Of India,1063614,748010,70.30%,34677,4.60%
Tezpur,9,GEN,Assam,Joseph Toppo,Asom Gana Parisad,1210132,843506,69.70%,30153,3.60%
Thane,25,GEN,Maharashtra,Dr.Sanjeev Ganesh Naik,Nationalist Congress Party,1806803,749910,41.50%,49020,6.50%
Thanjavur,30,GEN,Tamil Nadu,Palanimanickam.S.S,Dravida Munetra Kazhagam,1054118,808675,76.70%,101787,12.60%
Theni,33,GEN,Tamil Nadu,Aaron Rashid.J.M,Indian National Congress,1074931,800576,74.50%,6302,0.80%
Thiruvallur,1,SC,Tamil Nadu,Venugopal.P,All India Anna Dravida Munnetra Kazhagam,1204209,850021,70.60%,31673,3.70%
Thiruvananthapuram,20,GEN,Kerala,Shashi Tharoor,Indian National Congress,1122047,740023,66.00%,99998,13.50%
Thoothukkudi,36,GEN,Tamil Nadu,Jeyadurai.S.R,Dravida Munetra Kazhagam,949153,656365,69.20%,76649,11.70%
Thrissur,10,GEN,Kerala,P C Chacko,Indian National Congress,1174161,817245,69.60%,25151,3.10%
Tikamgarh,6,SC,Madhya Pradesh [2000 Onwards],Virendra Kumar,Bharatiya Janta Party,1209553,525441,43.40%,41862,8.00%
Tiruchirappalli,24,GEN,Tamil Nadu,Kumar.P,All India Anna Dravida Munnetra Kazhagam,1067193,719031,67.40%,4335,0.60%
Tirunelveli,38,GEN,Tamil Nadu,Ramasubbu S,Indian National Congress,1059687,701402,66.20%,21303,3.00%
Tirupati,40,SC,Andhra Pradesh,Chinta Mohan,Indian National Congress,1464896,1064727,72.70%,19276,1.80%
Tiruppur,18,GEN,Tamil Nadu,Sivasami C,All India Anna Dravida Munnetra Kazhagam,993758,742273,74.70%,85346,11.50%
Tiruvannamalai,11,GEN,Tamil Nadu,Venugopal.D,Dravida Munetra Kazhagam,1052587,842279,80.00%,148300,17.60%
Tonk-Sawai Madhopur,12,GEN,Rajasthan,Namo Narain,Indian National Congress,1510047,802459,53.10%,317,0.00%
Tripura East,2,ST,Tripura,Baju Ban Riyan,Communist Party Of India (MARXIST),988466,824246,83.40%,295581,35.90%
Tripura West,1,GEN,Tripura,Khagen Das,Communist Party Of India (MARXIST),1093799,941508,86.10%,248549,26.40%
Tumkur,19,GEN,Karnataka,G.S. Basavaraj,Bharatiya Janta Party,1388773,899917,64.80%,21445,2.40%
Tura,2,ST,Meghalaya,Agatha K. Sangma,Nationalist Congress Party,505774,342205,67.70%,17945,5.20%
Udaipur,19,ST,Rajasthan,Raghuvir Singh Meena,Indian National Congress,1564137,758687,48.50%,164925,21.70%
Udhampur,5,GEN,Jammu & Kashmir,Ch. Lal Singh,Indian National Congress,1363060,611779,44.90%,13394,2.20%
Udupi Chikmagalur,15,GEN,Karnataka,D.V.Sadananda Gowda,Bharatiya Janta Party,1224335,835648,68.30%,27018,3.20%
Ujiarpur,22,GEN,Bihar [2000 Onwards],Aswamedh Devi,Janata Dal (United),1229327,564247,45.90%,25312,4.50%
Ujjain,22,SC,Madhya Pradesh [2000 Onwards],Guddu Premchand,Indian National Congress,1253686,667635,53.30%,15841,2.40%
Uluberia,26,GEN,West Bengal,Sultan Ahmed,All India Trinamool Congress,1251590,1009905,80.70%,98936,9.80%
Unnao,33,GEN,Uttar Pradesh [2000 Onwards],Annutandon,Indian National Congress,1818980,904542,49.70%,302092,33.40%
Uttara Kannada,12,GEN,Karnataka,Anantkumar Hegde,Bharatiya Janta Party,1286556,760547,59.10%,22769,3.00%
Vadakara,3,GEN,Kerala,Mullappally Ramachandran,Indian National Congress,1071171,866349,80.90%,56186,6.50%
Vadodara,20,GEN,Gujarat,Balkrishna Khanderao Shukla (Balu Shukla),Bharatiya Janta Party,1524060,747196,49.00%,136028,18.20%
Vaishali,16,GEN,Bihar [2000 Onwards],Raghuvansh Prasad Singh,Rashtriya Janata Dal,1278891,624863,48.90%,22308,3.60%
Valmiki Nagar,1,GEN,Bihar [2000 Onwards],Baidyanath Prasad Mahto,Janata Dal (United),1275653,598456,46.90%,183675,30.70%
Valsad,26,ST,Gujarat,Kishanbhai Vestabhai Patel,Indian National Congress,1380245,774452,56.10%,7169,0.90%
Varanasi,77,GEN,Uttar Pradesh [2000 Onwards],Dr. Murli Manohar Joshi,Bharatiya Janta Party,1561854,665719,42.60%,17211,2.60%
Vellore,8,GEN,Tamil Nadu,Abdul Rahman,Dravida Munetra Kazhagam,1010067,723658,71.60%,107393,14.80%
Vidisha,18,GEN,Madhya Pradesh [2000 Onwards],Sushma Swaraj,Bharatiya Janta Party,1233394,556170,45.10%,389844,70.10%
Vijayawada,29,GEN,Andhra Pradesh,Lagadapati Raja Gopal,Indian National Congress,1402315,1092063,77.90%,12712,1.20%
Viluppuram,13,SC,Tamil Nadu,Anandan M,All India Anna Dravida Munnetra Kazhagam,1068171,796914,74.60%,2797,0.40%
Virudhunagar,34,GEN,Tamil Nadu,Manicka Tagore,Indian National Congress,992051,768609,77.50%,15764,2.10%
Visakhapatnam,21,GEN,Andhra Pradesh,Daggubati Purandeswari,Indian National Congress,1387482,1013929,73.10%,66686,6.60%
Vizianagaram,20,GEN,Andhra Pradesh,Jhansi Lakshmi Botcha,Indian National Congress,1323238,1024364,77.40%,60571,5.90%
Warangal,15,SC,Andhra Pradesh,Rajaiah Siricilla,Indian National Congress,1486617,1031522,69.40%,124661,12.10%
Wardha,8,GEN,Maharashtra,Datta Meghe,Indian National Congress,1408781,769846,54.70%,95918,12.50%
Wayanad,4,GEN,Kerala,M.I. Shanavas,Indian National Congress,1102097,825047,74.90%,153439,18.60%
West Delhi,6,GEN,Delhi [1977 Onwards],Mahabal Mishra,Indian National Congress,1687727,884241,52.40%,129010,14.60%
Yavatmal-Washim,14,GEN,Maharashtra,Bhavana Gawali (Patil),Shiv Sena,1554042,840574,54.10%,56951,6.80%
Zahirabad,5,GEN,Andhra Pradesh,Suresh Kumar Shetkar,Indian National Congress,1359566,1021137,75.10%,17407,1.70%
